"cov";"id";"i";"o";"p";"it";"itop";"HS"
0.25;1;3;10;5;1;0.5;1.8
0.25;10;5;10;10;1;0.5;15.59
1;2.5;10;10;20;1;0.5;3.47
0.5;5;3;10;5;2;0.5;5.81
0.75;1;5;10;10;2;0.5;2.42
0;10;10;10;20;2;0.5;35.43
0.25;0.01;3;10;5;3;0.5;0.17
0;5;5;10;10;3;0.5;12.26
0.75;0.01;10;10;20;3;0.5;0.12
0.75;2.5;3;10;5;4;0.5;2.82
0.5;2.5;5;10;10;4;0.5;7.51
0.5;5;10;10;20;4;0.5;24.49
0.5;2.5;3;10;5;5;0.5;3.15
0.75;5;5;10;10;5;0.5;10.61
0.75;1;10;10;20;5;0.5;4.51
0;2.5;3;10;5;6;0.5;3.64
1;10;5;10;10;6;0.5;5.09
1;1;10;10;20;6;0.5;2.03
1;2.5;3;10;5;7;0.5;2.09
0.25;1;5;10;10;7;0.5;2.41
0.25;2.5;10;10;20;7;0.5;15.67
0.5;2.5;3;10;5;8;0.5;3.12
0.25;5;5;10;10;8;0.5;11.77
0.25;0.01;10;10;20;8;0.5;-0.19
0.75;1;3;10;5;9;0.5;1.32
0.75;10;5;10;10;9;0.5;17.69
0.25;2.5;10;10;20;9;0.5;14.79
1;2.5;3;10;5;10;0.5;2.62
1;1;5;10;10;10;0.5;1.87
1;2.5;10;10;20;10;0.5;3.04
0;10;3;10;5;11;0.5;9.79
0.75;2.5;5;10;10;11;0.5;6.18
0;1;10;10;20;11;0.5;5.87
0.75;5;3;10;5;12;0.5;6.48
0.5;2.5;5;10;10;12;0.5;7.05
1;2.5;10;10;20;12;0.5;3.35
0;5;3;10;5;13;0.5;7.55
0.5;1;5;10;10;13;0.5;2.45
1;2.5;10;10;20;13;0.5;3.16
0.75;5;3;10;5;14;0.5;5.61
0.75;10;5;10;10;14;0.5;12.06
0.75;1;10;10;20;14;0.5;3.67
0;0.01;3;10;5;15;0.5;-0.12
0.75;10;5;10;10;15;0.5;15.56
1;1;10;10;20;15;0.5;2.12
0;2.5;3;10;5;16;0.5;4.64
0;10;5;10;10;16;0.5;17.31
0;1;10;10;20;16;0.5;5.58
1;2.5;3;10;5;17;0.5;2.29
0.25;5;5;10;10;17;0.5;9.89
0.5;10;10;10;20;17;0.5;30.03
1;5;3;10;5;18;0.5;3.2
0;5;5;10;10;18;0.5;11.94
0;5;10;10;20;18;0.5;25.73
1;10;3;10;5;19;0.5;4.52
0;10;5;10;10;19;0.5;17.53
0.75;0.01;10;10;20;19;0.5;-0.16
0.5;0.01;3;10;5;20;0.5;0.01
0.5;5;5;10;10;20;0.5;9.36
0.75;10;10;10;20;20;0.5;26.58
0.75;1;3;10;5;21;0.5;1.01
0.25;10;5;10;10;21;0.5;16.21
0.25;2.5;10;10;20;21;0.5;14.78
0.25;0.01;3;10;5;22;0.5;-0.05
0.5;0.01;5;10;10;22;0.5;0.02
0.25;2.5;10;10;20;22;0.5;14.99
1;10;3;10;5;23;0.5;4.29
0;2.5;5;10;10;23;0.5;7.15
0;0.01;10;10;20;23;0.5;0.03
0;5;3;10;5;24;0.5;7.03
0.25;1;5;10;10;24;0.5;3.16
0.25;2.5;10;10;20;24;0.5;14.5
1;1;3;10;5;25;0.5;1.05
0;0.01;5;10;10;25;0.5;-0.16
1;1;10;10;20;25;0.5;1.86
0;1;3;10;5;26;0.5;1.27
0.25;2.5;5;10;10;26;0.5;6.3
1;1;10;10;20;26;0.5;2.04
0.75;1;3;10;5;27;0.5;1.68
1;2.5;5;10;10;27;0.5;2.62
0.75;5;10;10;20;27;0.5;17.61
1;1;3;10;5;28;0.5;1.09
1;0.01;5;10;10;28;0.5;-0.04
0.75;1;10;10;20;28;0.5;4.03
0.75;0.01;3;10;5;29;0.5;-0.01
1;0.01;5;10;10;29;0.5;-0.02
0.5;5;10;10;20;29;0.5;22.2
0.5;10;3;10;5;30;0.5;10.8
1;10;5;10;10;30;0.5;4.81
0.25;5;10;10;20;30;0.5;23.51
1;0.01;3;10;5;31;0.5;-0.03
0.75;1;5;10;10;31;0.5;1.67
0.25;5;10;10;20;31;0.5;22.87
1;0.01;3;10;5;32;0.5;0.09
1;2.5;5;10;10;32;0.5;2.95
0.25;5;10;10;20;32;0.5;24.27
0.5;2.5;3;10;5;33;0.5;3.87
0.5;2.5;5;10;10;33;0.5;6.27
0.5;0.01;10;10;20;33;0.5;-0.05
0.5;5;3;10;5;34;0.5;5.73
0;10;5;10;10;34;0.5;17.65
1;1;10;10;20;34;0.5;2.21
1;0.01;3;10;5;35;0.5;0.07
0.25;2.5;5;10;10;35;0.5;6.78
0.25;2.5;10;10;20;35;0.5;13.88
0;1;3;10;5;36;0.5;1.23
0.75;10;5;10;10;36;0.5;14.8
0.5;5;10;10;20;36;0.5;20.67
0.5;5;3;10;5;37;0.5;7.21
0.25;0.01;5;10;10;37;0.5;-0.13
0.75;0.01;10;10;20;37;0.5;-0.29
0.25;10;3;10;5;38;0.5;10.56
0.5;0.01;5;10;10;38;0.5;-0.07
1;10;10;10;20;38;0.5;5.13
1;5;3;10;5;39;0.5;3.48
0.75;0.01;5;10;10;39;0.5;-1.73472347597681e-18
0.5;2.5;10;10;20;39;0.5;13.86
1;2.5;3;10;5;40;0.5;2.4
0;5;5;10;10;40;0.5;12.18
0.75;1;10;10;20;40;0.5;4.02
0.25;2.5;3;10;5;41;0.5;2.72
0;2.5;5;10;10;41;0.5;7.56
1;2.5;10;10;20;41;0.5;3.55
0.75;2.5;3;10;5;42;0.5;3.43
0.25;0.01;5;10;10;42;0.5;-0.02
1;0.01;10;10;20;42;0.5;-0.18
0.25;0.01;3;10;5;43;0.5;0.13
1;1;5;10;10;43;0.5;1.67
1;1;10;10;20;43;0.5;2.12
0.25;5;3;10;5;44;0.5;6.43
0.5;0.01;5;10;10;44;0.5;-0.12
0.5;5;10;10;20;44;0.5;20.71
1;0.01;3;10;5;45;0.5;-0.02
0.25;1;5;10;10;45;0.5;2.85
0.75;10;10;10;20;45;0.5;25.61
1;5;3;10;5;46;0.5;3.57
0;5;5;10;10;46;0.5;13.03
0.75;5;10;10;20;46;0.5;18
0.75;2.5;3;10;5;47;0.5;2.43
1;0.01;5;10;10;47;0.5;0.01
0.25;1;10;10;20;47;0.5;5.35
0.25;10;3;10;5;48;0.5;8.11
0.25;2.5;5;10;10;48;0.5;7.74
0.75;0.01;10;10;20;48;0.5;0.04
0.75;2.5;3;10;5;49;0.5;2.82
0.25;2.5;5;10;10;49;0.5;6.28
0.5;5;10;10;20;49;0.5;21.88
1;10;3;10;5;50;0.5;4.74
0.25;0.01;5;10;10;50;0.5;-0.11
0;2.5;10;10;20;50;0.5;16.16
0;1;3;10;5;51;0.5;1.45
0.5;1;5;10;10;51;0.5;2.81
1;1;10;10;20;51;0.5;2.07
1;2.5;3;10;5;52;0.5;2.35
0.75;0.01;5;10;10;52;0.5;-0.14
0;0.01;10;10;20;52;0.5;0.21
0.25;1;3;10;5;53;0.5;2.06
0.75;0.01;5;10;10;53;0.5;-0.07
0;10;10;10;20;53;0.5;34.84
0.5;2.5;3;10;5;54;0.5;3.62
0;5;5;10;10;54;0.5;12.47
1;2.5;10;10;20;54;0.5;3.61
1;2.5;3;10;5;55;0.5;2.33
0;0.01;5;10;10;55;0.5;0.1
0;2.5;10;10;20;55;0.5;15.95
0.5;2.5;3;10;5;56;0.5;3.14
0;0.01;5;10;10;56;0.5;0.07
0.5;2.5;10;10;20;56;0.5;11.85
0.75;2.5;3;10;5;57;0.5;2.56
0.25;1;5;10;10;57;0.5;3.21
0.25;5;10;10;20;57;0.5;24.09
0.75;0.01;3;10;5;58;0.5;0.24
1;0.01;5;10;10;58;0.5;-0.05
0;1;10;10;20;58;0.5;6.3
0.75;2.5;3;10;5;59;0.5;2.7
0;5;5;10;10;59;0.5;12.81
0.5;5;10;10;20;59;0.5;23.74
0.5;1;3;10;5;60;0.5;1.82
0.75;0.01;5;10;10;60;0.5;-0.09
0;0.01;10;10;20;60;0.5;0.24
0.75;5;3;10;5;61;0.5;4.66
0.25;0.01;5;10;10;61;0.5;0.08
0.5;10;10;10;20;61;0.5;29.21
0.25;2.5;3;10;5;62;0.5;4.58
0;0.01;5;10;10;62;0.5;0.02
0.75;2.5;10;10;20;62;0.5;7.54
0.25;5;3;10;5;63;0.5;8.06
0.5;0.01;5;10;10;63;0.5;-0.07
0.5;5;10;10;20;63;0.5;19.53
0;5;3;10;5;64;0.5;6.78
0;0.01;5;10;10;64;0.5;-0.13
0.75;5;10;10;20;64;0.5;18.51
0.75;0.01;3;10;5;65;0.5;-0.13
0;10;5;10;10;65;0.5;16.98
0.25;2.5;10;10;20;65;0.5;14.3
1;2.5;3;10;5;66;0.5;2.45
0.75;2.5;5;10;10;66;0.5;4.73
1;1;10;10;20;66;0.5;1.97
0.5;1;3;10;5;67;0.5;1.81
0.5;2.5;5;10;10;67;0.5;7.02
0.75;0.01;10;10;20;67;0.5;0.07
1;10;3;10;5;68;0.5;4.55
0.75;1;5;10;10;68;0.5;1.91
0.25;5;10;10;20;68;0.5;24.25
1;2.5;3;10;5;69;0.5;2.29
0.75;10;5;10;10;69;0.5;14.39
0.5;2.5;10;10;20;69;0.5;14.68
1;0.01;3;10;5;70;0.5;0.25
0.25;2.5;5;10;10;70;0.5;6.14
0;0.01;10;10;20;70;0.5;0.09
0.25;5;3;10;5;71;0.5;6.88
0;5;5;10;10;71;0.5;12.79
0.75;2.5;10;10;20;71;0.5;9.7
1;10;3;10;5;72;0.5;4.98
1;5;5;10;10;72;0.5;3.6
0.75;5;10;10;20;72;0.5;24.41
1;2.5;3;10;5;73;0.5;2.5
0;2.5;5;10;10;73;0.5;7.59
0.75;10;10;10;20;73;0.5;27.61
1;5;3;10;5;74;0.5;3.46
0.25;2.5;5;10;10;74;0.5;7.02
0.25;10;10;10;20;74;0.5;33.99
0.25;2.5;3;10;5;75;0.5;4.97
1;0.01;5;10;10;75;0.5;-0.18
0;5;10;10;20;75;0.5;24.79
0.5;1;3;10;5;76;0.5;1.73
0.5;2.5;5;10;10;76;0.5;7.62
0.5;2.5;10;10;20;76;0.5;12.19
0.25;2.5;3;10;5;77;0.5;4.77
0.25;0.01;5;10;10;77;0.5;-0.07
0.25;2.5;10;10;20;77;0.5;12.88
0.5;5;3;10;5;78;0.5;6.44
1;0.01;5;10;10;78;0.5;3.46944695195361e-18
0.25;0.01;10;10;20;78;0.5;-0.16
0;1;3;10;5;79;0.5;1.72
0.5;5;5;10;10;79;0.5;11.13
1;10;10;10;20;79;0.5;5
0.75;10;3;10;5;80;0.5;8.8
0.5;0.01;5;10;10;80;0.5;0.12
0.5;0.01;10;10;20;80;0.5;-0.07
1;10;3;10;5;81;0.5;4.49
0.5;1;5;10;10;81;0.5;2.52
0.75;10;10;10;20;81;0.5;30.29
0.75;10;3;10;5;82;0.5;10.9
0.75;10;5;10;10;82;0.5;14.85
0.25;1;10;10;20;82;0.5;5.47
0;1;3;10;5;83;0.5;2.04
0.5;1;5;10;10;83;0.5;2.5
1;10;10;10;20;83;0.5;5.53
0;2.5;3;10;5;84;0.5;4.39
0.75;10;5;10;10;84;0.5;14.13
0;10;10;10;20;84;0.5;35.53
0;5;3;10;5;85;0.5;7.65
0.25;1;5;10;10;85;0.5;3.01
1;5;10;10;20;85;0.5;4.35
1;5;3;10;5;86;0.5;3.43
0.25;10;5;10;10;86;0.5;16.1
0.5;0.01;10;10;20;86;0.5;-0.08
0;10;3;10;5;87;0.5;9.78
0;0.01;5;10;10;87;0.5;-0.04
1;5;10;10;20;87;0.5;4.34
0.75;0.01;3;10;5;88;0.5;0.2
1;0.01;5;10;10;88;0.5;0.04
0.25;1;10;10;20;88;0.5;5.63
0.25;2.5;3;10;5;89;0.5;3.99
1;1;5;10;10;89;0.5;1.32
0.5;0.01;10;10;20;89;0.5;-0.06
0.5;0.01;3;10;5;90;0.5;0.15
0.25;2.5;5;10;10;90;0.5;7
0;2.5;10;10;20;90;0.5;15.18
0.25;10;3;10;5;91;0.5;10.03
0.75;10;5;10;10;91;0.5;13.03
0;2.5;10;10;20;91;0.5;15.03
0.5;10;3;10;5;92;0.5;8.06
0.75;2.5;5;10;10;92;0.5;5.19
0.25;1;10;10;20;92;0.5;5.3
0.5;5;3;10;5;93;0.5;7.51
0;2.5;5;10;10;93;0.5;7.87
0.75;10;10;10;20;93;0.5;26.95
1;0.01;3;10;5;94;0.5;0.05
0.5;0.01;5;10;10;94;0.5;-0.05
1;0.01;10;10;20;94;0.5;0.1
0.25;1;3;10;5;95;0.5;1.09
0.5;0.01;5;10;10;95;0.5;0.07
0;5;10;10;20;95;0.5;25.65
0;1;3;10;5;96;0.5;1.63
0;2.5;5;10;10;96;0.5;8.07
0.5;2.5;10;10;20;96;0.5;13.67
1;1;3;10;5;97;0.5;1.02
1;5;5;10;10;97;0.5;3.93
0.5;0.01;10;10;20;97;0.5;0.06
1;5;3;10;5;98;0.5;3.42
0.25;0.01;5;10;10;98;0.5;0.14
0.25;1;10;10;20;98;0.5;5.19
0.75;5;3;10;5;99;0.5;7.65
0.25;1;5;10;10;99;0.5;2.72
0.25;10;10;10;20;99;0.5;34.08
0.5;0.01;3;10;5;100;0.5;-0.05
1;0.01;5;10;10;100;0.5;-0.11
0.25;10;10;10;20;100;0.5;35.63
0.25;2.5;5;10;5;1;1;4.68
0.5;5;10;10;10;1;1;15.97
0;1;20;10;20;1;1;7.73
0.5;0.01;5;10;5;2;1;0.03
0.25;0.01;10;10;10;2;1;0.02
0.5;10;20;10;20;2;1;49.49
1;2.5;5;10;5;3;1;2.72
0.75;2.5;10;10;10;3;1;7.18
0.5;1;20;10;20;3;1;6.43
0.5;1;5;10;5;4;1;1.58
0.25;5;10;10;10;4;1;18.42
0.5;0.01;20;10;20;4;1;-0.01
0;0.01;5;10;5;5;1;0.08
0.75;5;10;10;10;5;1;13.79
0.25;10;20;10;20;5;1;52.84
1;0.01;5;10;5;6;1;0.09
0.75;2.5;10;10;10;6;1;7.97
0.5;2.5;20;10;20;6;1;16.99
0;10;5;10;5;7;1;13.23
0.75;10;10;10;10;7;1;20.75
0.25;2.5;20;10;20;7;1;20.51
0.75;10;5;10;5;8;1;14.08
1;0.01;10;10;10;8;1;0.14
0.5;10;20;10;20;8;1;46.92
0;2.5;5;10;5;9;1;5.51
0.5;0.01;10;10;10;9;1;-0.11
0.25;10;20;10;20;9;1;52.5
0.5;10;5;10;5;10;1;11.94
0;2.5;10;10;10;10;1;11.82
0.5;0.01;20;10;20;10;1;-0.01
0.25;0.01;5;10;5;11;1;-0.12
0.25;5;10;10;10;11;1;17.68
0.25;2.5;20;10;20;11;1;19.79
0.25;2.5;5;10;5;12;1;6.38
0.75;5;10;10;10;12;1;14.72
0.25;5;20;10;20;12;1;33.53
0.5;2.5;5;10;5;13;1;5.78
0.5;2.5;10;10;10;13;1;9.81
0.75;5;20;10;20;13;1;23.06
0.25;1;5;10;5;14;1;1.96
0.75;2.5;10;10;10;14;1;5.99
0;2.5;20;10;20;14;1;22.11
0.5;0.01;5;10;5;15;1;0.00999999999999999
0.5;2.5;10;10;10;15;1;8.96
0.25;2.5;20;10;20;15;1;20.16
1;1;5;10;5;16;1;1.48
0.75;0.01;10;10;10;16;1;-0.08
0;1;20;10;20;16;1;7.88
0;0.01;5;10;5;17;1;-0.14
1;0.01;10;10;10;17;1;0.04
0.25;5;20;10;20;17;1;37.08
0.25;2.5;5;10;5;18;1;5.35
0;10;10;10;10;18;1;26.87
1;2.5;20;10;20;18;1;3.62
1;1;5;10;5;19;1;1.33
1;2.5;10;10;10;19;1;2.89
0.5;2.5;20;10;20;19;1;18.5
1;2.5;5;10;5;20;1;2.69
0.5;1;10;10;10;20;1;2.73
0.5;5;20;10;20;20;1;30.14
0;0.01;5;10;5;21;1;-0.05
0.5;10;10;10;10;21;1;19.02
1;2.5;20;10;20;21;1;3.49
0;10;5;10;5;22;1;12.93
1;1;10;10;10;22;1;1.7
0.25;1;20;10;20;22;1;6.53
0.5;0.01;5;10;5;23;1;0.04
0.5;0.01;10;10;10;23;1;1.73472347597681e-18
0.25;10;20;10;20;23;1;49.89
0.75;0.01;5;10;5;24;1;0.29
0.5;10;10;10;10;24;1;25.13
1;0.01;20;10;20;24;1;-0.1
0.25;5;5;10;5;25;1;11.16
0;0.01;10;10;10;25;1;0.14
0.25;2.5;20;10;20;25;1;18.68
1;2.5;5;10;5;26;1;2.39
0;0.01;10;10;10;26;1;0.01
0.5;2.5;20;10;20;26;1;17.82
0.75;0.01;5;10;5;27;1;-0.04
1;10;10;10;10;27;1;4.87
0.5;1;20;10;20;27;1;6
0;1;5;10;5;28;1;2.09
0.25;10;10;10;10;28;1;24.87
0.5;1;20;10;20;28;1;6.2
0.5;1;5;10;5;29;1;2.39
1;0.01;10;10;10;29;1;-0.05
1;5;20;10;20;29;1;4.69
1;10;5;10;5;30;1;4.33
0;5;10;10;10;30;1;18.85
0.25;2.5;20;10;20;30;1;21.98
0;2.5;5;10;5;31;1;6.04
0.5;0.01;10;10;10;31;1;-3.46944695195361e-18
0.25;0.01;20;10;20;31;1;0.08
0.25;2.5;5;10;5;32;1;5.17
0;5;10;10;10;32;1;19.2
1;0.01;20;10;20;32;1;0.09
0;5;5;10;5;33;1;9.73
0.5;5;10;10;10;33;1;16.14
0.5;10;20;10;20;33;1;47.97
0.5;1;5;10;5;34;1;1.29
0;10;10;10;10;34;1;26.47
0.25;0.01;20;10;20;34;1;0.02
0.75;1;5;10;5;35;1;1.69
0.75;1;10;10;10;35;1;2.69
1;2.5;20;10;20;35;1;3.42
1;2.5;5;10;5;36;1;2.18
0.25;10;10;10;10;36;1;25.96
0;1;20;10;20;36;1;7.73
0.5;1;5;10;5;37;1;2.23
0.5;10;10;10;10;37;1;27.21
0.25;1;20;10;20;37;1;6.95
1;0.01;5;10;5;38;1;-0.21
1;0.01;10;10;10;38;1;0.18
0.5;5;20;10;20;38;1;31.24
0.5;1;5;10;5;39;1;1.57
0.75;10;10;10;10;39;1;19.14
0.25;5;20;10;20;39;1;34.96
0;1;5;10;5;40;1;1.88
0.5;10;10;10;10;40;1;23.43
0.25;10;20;10;20;40;1;50.73
0.75;2.5;5;10;5;41;1;4.65
0.5;10;10;10;10;41;1;25.32
0.5;0.01;20;10;20;41;1;-0.01
0.25;1;5;10;5;42;1;2.05
0.25;10;10;10;10;42;1;27.19
0.75;1;20;10;20;42;1;4.04
1;5;5;10;5;43;1;3.8
0.75;2.5;10;10;10;43;1;7.9
0.75;0.01;20;10;20;43;1;0.13
1;0.01;5;10;5;44;1;0.05
0.75;2.5;10;10;10;44;1;6.24
0;0.01;20;10;20;44;1;0.14
1;10;5;10;5;45;1;4.78
0;10;10;10;10;45;1;26.67
0;0.01;20;10;20;45;1;0.07
0.25;0.01;5;10;5;46;1;-0.11
1;1;10;10;10;46;1;1.84
0.75;2.5;20;10;20;46;1;13.01
0;1;5;10;5;47;1;1.88
0;10;10;10;10;47;1;27.92
0;10;20;10;20;47;1;52.72
1;1;5;10;5;48;1;1.14
0.75;0.01;10;10;10;48;1;0.16
0;5;20;10;20;48;1;38.01
0.25;2.5;5;10;5;49;1;6.25
0.25;10;10;10;10;49;1;26.17
0;0.01;20;10;20;49;1;0.08
0;1;5;10;5;50;1;1.95
0.5;1;10;10;10;50;1;2.63
0.75;2.5;20;10;20;50;1;10.56
0.5;0.01;5;10;5;51;1;0.02
0.5;10;10;10;10;51;1;19.89
0.5;1;20;10;20;51;1;5.86
0.75;2.5;5;10;5;52;1;4.97
0.75;5;10;10;10;52;1;12.35
0.5;0.01;20;10;20;52;1;0.15
1;10;5;10;5;53;1;4.63
0.75;1;10;10;10;53;1;2.38
0.5;5;20;10;20;53;1;27.95
0;0.01;5;10;5;54;1;-0.15
0.75;10;10;10;10;54;1;18.44
0.75;10;20;10;20;54;1;36.71
1;10;5;10;5;55;1;4.41
0.5;5;10;10;10;55;1;16.67
0.25;1;20;10;20;55;1;7.11
1;1;5;10;5;56;1;1
0.25;10;10;10;10;56;1;27.22
0.25;1;20;10;20;56;1;7.01
0;0.01;5;10;5;57;1;-0.04
0.75;2.5;10;10;10;57;1;9.1
1;2.5;20;10;20;57;1;3.52
0.25;10;5;10;5;58;1;13.03
1;0.01;10;10;10;58;1;-0.01
0.25;5;20;10;20;58;1;35.25
0.75;10;5;10;5;59;1;10.29
0.25;10;10;10;10;59;1;24.89
0.5;5;20;10;20;59;1;32.12
0.25;2.5;5;10;5;60;1;5.39
1;1;10;10;10;60;1;1.48
1;10;20;10;20;60;1;5.11
0.75;5;5;10;5;61;1;8.34
0.5;10;10;10;10;61;1;22.47
1;2.5;20;10;20;61;1;3.51
0.75;2.5;5;10;5;62;1;3.98
0.25;2.5;10;10;10;62;1;10.01
0.5;5;20;10;20;62;1;31.88
0.25;2.5;5;10;5;63;1;4.71
1;2.5;10;10;10;63;1;2.84
0.5;2.5;20;10;20;63;1;18.92
1;2.5;5;10;5;64;1;2.31
1;2.5;10;10;10;64;1;3.03
0.5;1;20;10;20;64;1;5.79
0.25;2.5;5;10;5;65;1;4.59
0.75;10;10;10;10;65;1;20.34
0.25;1;20;10;20;65;1;7.03
0.75;1;5;10;5;66;1;1.55
0.25;0.01;10;10;10;66;1;-0.19
0.5;2.5;20;10;20;66;1;14.9
1;5;5;10;5;67;1;3.42
1;10;10;10;10;67;1;4.89
1;2.5;20;10;20;67;1;3.48
0.75;10;5;10;5;68;1;13.74
0;0.01;10;10;10;68;1;0.2
1;5;20;10;20;68;1;4.27
1;5;5;10;5;69;1;3.5
0.5;1;10;10;10;69;1;3.27
0.25;0.01;20;10;20;69;1;-0.04
0.75;2.5;5;10;5;70;1;4.25
0.25;2.5;10;10;10;70;1;10.48
0.5;0.01;20;10;20;70;1;0.18
1;10;5;10;5;71;1;4.65
0.5;2.5;10;10;10;71;1;8.45
0.25;10;20;10;20;71;1;52.45
0.75;0.01;5;10;5;72;1;-0.01
0.5;2.5;10;10;10;72;1;8.61
0.5;5;20;10;20;72;1;30.78
0.5;10;5;10;5;73;1;12.46
0;5;10;10;10;73;1;16.53
0.25;2.5;20;10;20;73;1;20.66
0.5;10;5;10;5;74;1;13.23
0.25;10;10;10;10;74;1;25.33
0.5;0.01;20;10;20;74;1;-0.00999999999999999
0.75;0.01;5;10;5;75;1;0.16
1;10;10;10;10;75;1;4.84
0.75;1;20;10;20;75;1;4.76
0.5;1;5;10;5;76;1;1.81
0;1;10;10;10;76;1;3.47
1;0.01;20;10;20;76;1;-0.06
0.25;5;5;10;5;77;1;8.57
1;2.5;10;10;10;77;1;3.03
0.75;0.01;20;10;20;77;1;0.21
0.5;2.5;5;10;5;78;1;5.32
0.25;0.01;10;10;10;78;1;-0.09
0.25;5;20;10;20;78;1;36.74
0.75;5;5;10;5;79;1;6.76
0;0.01;10;10;10;79;1;-0.05
0.5;0.01;20;10;20;79;1;0.07
0.5;5;5;10;5;80;1;7.88
0;0.01;10;10;10;80;1;0.08
0.25;2.5;20;10;20;80;1;20
0.25;2.5;5;10;5;81;1;4.96
1;0.01;10;10;10;81;1;0.06
0.75;10;20;10;20;81;1;39.03
0.75;1;5;10;5;82;1;1.03
0;5;10;10;10;82;1;18.23
1;0.01;20;10;20;82;1;0.19
0.75;1;5;10;5;83;1;1.73
0.75;5;10;10;10;83;1;13.42
0;10;20;10;20;83;1;53.26
0.75;5;5;10;5;84;1;8.76
0.75;5;10;10;10;84;1;13.83
0;10;20;10;20;84;1;54.53
0.75;1;5;10;5;85;1;1.68
0.5;1;10;10;10;85;1;3.02
0.5;10;20;10;20;85;1;49.81
0.25;5;5;10;5;86;1;9.11
0.75;5;10;10;10;86;1;14.88
0.25;5;20;10;20;86;1;36.01
0.5;2.5;5;10;5;87;1;5.27
0.25;0.01;10;10;10;87;1;-0.01
1;1;20;10;20;87;1;2.25
0.25;0.01;5;10;5;88;1;0.19
1;10;10;10;10;88;1;5.11
0.5;0.01;20;10;20;88;1;-0.14
0.75;0.01;5;10;5;89;1;0.02
0.5;2.5;10;10;10;89;1;10.26
0;1;20;10;20;89;1;7.38
1;2.5;5;10;5;90;1;2.68
0.5;10;10;10;10;90;1;25.63
1;1;20;10;20;90;1;1.99
0.25;0.01;5;10;5;91;1;0.27
0.25;5;10;10;10;91;1;16.28
1;1;20;10;20;91;1;2.03
0;0.01;5;10;5;92;1;-0.05
0.75;0.01;10;10;10;92;1;0.22
0;2.5;20;10;20;92;1;22.64
0.75;0.01;5;10;5;93;1;0.04
1;2.5;10;10;10;93;1;3.08
0.5;10;20;10;20;93;1;47.82
0.5;1;5;10;5;94;1;1.34
0;10;10;10;10;94;1;27.73
0;2.5;20;10;20;94;1;21.59
0;0.01;5;10;5;95;1;-0.07
1;2.5;10;10;10;95;1;3.08
1;10;20;10;20;95;1;5.38
0.5;2.5;5;10;5;96;1;5.18
0;5;10;10;10;96;1;17.78
0.75;0.01;20;10;20;96;1;-0.21
0.25;0.01;5;10;5;97;1;0.03
0;0.01;10;10;10;97;1;-0.04
0;5;20;10;20;97;1;37.78
1;2.5;5;10;5;98;1;2.62
0;1;10;10;10;98;1;4.26
0.5;10;20;10;20;98;1;47.96
0;2.5;5;10;5;99;1;5.01
0;1;10;10;10;99;1;4.03
0.25;5;20;10;20;99;1;34.39
0.5;10;5;10;5;100;1;11.75
0;2.5;10;10;10;100;1;10.87
0.75;1;20;10;20;100;1;5.05
0;5;8;10;5;1;1.5;11.33
0.5;1;15;10;10;1;1.5;3.39
0.25;5;30;10;20;1;1.5;38.03
0;0.01;8;10;5;2;1.5;-0.04
0.5;10;15;10;10;2;1.5;25.09
0.5;2.5;30;10;20;2;1.5;18.81
1;0.01;8;10;5;3;1.5;0.08
1;5;15;10;10;3;1.5;3.84
0.5;10;30;10;20;3;1.5;52.18
0;1;8;10;5;4;1.5;2.47
0.25;10;15;10;10;4;1.5;27.84
0.5;5;30;10;20;4;1.5;32.02
1;0.01;8;10;5;5;1.5;-0.06
1;1;15;10;10;5;1.5;1.66
0.25;1;30;10;20;5;1.5;7.72
0.75;5;8;10;5;6;1.5;7.76
0.5;0.01;15;10;10;6;1.5;0.04
0.25;0.01;30;10;20;6;1.5;-0.01
0.5;0.01;8;10;5;7;1.5;-0.13
0.25;5;15;10;10;7;1.5;20.49
1;2.5;30;10;20;7;1.5;3.53
0.5;10;8;10;5;8;1.5;15.18
1;10;15;10;10;8;1.5;4.81
0.25;0.01;30;10;20;8;1.5;0.08
0.75;0.01;8;10;5;9;1.5;-0.04
0;2.5;15;10;10;9;1.5;11.93
0;0.01;30;10;20;9;1.5;-0.06
0.25;2.5;8;10;5;10;1.5;6.07
0;0.01;15;10;10;10;1.5;0.03
0.5;5;30;10;20;10;1.5;33.82
0.25;5;8;10;5;11;1.5;10.77
0;5;15;10;10;11;1.5;20.78
0.5;2.5;30;10;20;11;1.5;17.67
0;1;8;10;5;12;1.5;2.2
0.25;1;15;10;10;12;1.5;3.69
1;10;30;10;20;12;1.5;5.41
0.25;5;8;10;5;13;1.5;9.9
0.25;5;15;10;10;13;1.5;18.26
0.25;1;30;10;20;13;1.5;8.26
0.25;2.5;8;10;5;14;1.5;5.44
0;2.5;15;10;10;14;1.5;12.35
0.75;0.01;30;10;20;14;1.5;-0.1
0.5;1;8;10;5;15;1.5;1.68
0;1;15;10;10;15;1.5;4.35
0.5;10;30;10;20;15;1.5;52.53
1;5;8;10;5;16;1.5;3.55
0.5;2.5;15;10;10;16;1.5;11.29
0.25;0.01;30;10;20;16;1.5;0.07
0;0.01;8;10;5;17;1.5;-0.06
0.5;10;15;10;10;17;1.5;27.79
0.5;5;30;10;20;17;1.5;32.77
1;0.01;8;10;5;18;1.5;-0.07
0.5;5;15;10;10;18;1.5;17.13
0;10;30;10;20;18;1.5;60.07
0;1;8;10;5;19;1.5;1.96
0.25;2.5;15;10;10;19;1.5;10.11
0.75;2.5;30;10;20;19;1.5;13.52
1;10;8;10;5;20;1.5;4.4
0.75;10;15;10;10;20;1.5;20.95
0.75;1;30;10;20;20;1.5;4.12
1;0.01;8;10;5;21;1.5;-0.03
0.25;1;15;10;10;21;1.5;3.88
0.5;1;30;10;20;21;1.5;6.01
0.25;5;8;10;5;22;1.5;11.35
0.75;10;15;10;10;22;1.5;21.7
0.5;0.01;30;10;20;22;1.5;0.03
1;10;8;10;5;23;1.5;4.55
0;10;15;10;10;23;1.5;30.86
0.75;1;30;10;20;23;1.5;5.3
0.75;0.01;8;10;5;24;1.5;0.03
1;0.01;15;10;10;24;1.5;-0.08
0;10;30;10;20;24;1.5;60.81
0.25;10;8;10;5;25;1.5;14.84
1;10;15;10;10;25;1.5;4.95
1;0.01;30;10;20;25;1.5;-0.08
0.25;1;8;10;5;26;1.5;1.89
0.5;1;15;10;10;26;1.5;2.83
0.75;5;30;10;20;26;1.5;31.92
0;2.5;8;10;5;27;1.5;6.91
1;2.5;15;10;10;27;1.5;3.16
1;2.5;30;10;20;27;1.5;3.54
0.75;5;8;10;5;28;1.5;9.97
1;10;15;10;10;28;1.5;4.76
0.5;1;30;10;20;28;1.5;6.05
0;0.01;8;10;5;29;1.5;0.06
0.25;1;15;10;10;29;1.5;4.1
0.75;10;30;10;20;29;1.5;41.28
0.75;1;8;10;5;30;1.5;1.42
0.5;2.5;15;10;10;30;1.5;11.16
0;5;30;10;20;30;1.5;40.53
0.75;1;8;10;5;31;1.5;1.67
0.5;1;15;10;10;31;1.5;3.25
0.5;2.5;30;10;20;31;1.5;20.37
0.25;2.5;8;10;5;32;1.5;6.16
0;0.01;15;10;10;32;1.5;-0.06
1;10;30;10;20;32;1.5;5.52
0.75;1;8;10;5;33;1.5;1.66
0;1;15;10;10;33;1.5;4.55
0;5;30;10;20;33;1.5;40.27
0.75;0.01;8;10;5;34;1.5;-0.01
0.25;10;15;10;10;34;1.5;27.4
0;1;30;10;20;34;1.5;8.43
0;1;8;10;5;35;1.5;2.24
0.5;1;15;10;10;35;1.5;3.84
0.25;0.01;30;10;20;35;1.5;-1.73472347597681e-18
1;2.5;8;10;5;36;1.5;2.34
1;10;15;10;10;36;1.5;4.92
1;5;30;10;20;36;1.5;4.31
0.75;1;8;10;5;37;1.5;2.13
0.75;5;15;10;10;37;1.5;15.12
0.5;5;30;10;20;37;1.5;33.92
0.25;10;8;10;5;38;1.5;15.05
0.25;0.01;15;10;10;38;1.5;-0.1
0.5;1;30;10;20;38;1.5;6.12
0.75;2.5;8;10;5;39;1.5;3.57
0.5;5;15;10;10;39;1.5;19.38
1;10;30;10;20;39;1.5;5.55
0;0.01;8;10;5;40;1.5;0.07
0.25;5;15;10;10;40;1.5;20.27
0.25;5;30;10;20;40;1.5;39.88
0;0.01;8;10;5;41;1.5;-0.03
0;1;15;10;10;41;1.5;4.04
0.5;10;30;10;20;41;1.5;50.93
1;5;8;10;5;42;1.5;3.54
0.25;1;15;10;10;42;1.5;3.39
0.75;2.5;30;10;20;42;1.5;15.59
1;5;8;10;5;43;1.5;3.77
0;0.01;15;10;10;43;1.5;0.02
1;10;30;10;20;43;1.5;5.48
0.25;5;8;10;5;44;1.5;10.26
0.25;0.01;15;10;10;44;1.5;-0.07
0;5;30;10;20;44;1.5;41.36
1;10;8;10;5;45;1.5;4.4
0.5;1;15;10;10;45;1.5;3.29
0;0.01;30;10;20;45;1.5;0.04
0.25;10;8;10;5;46;1.5;13.3
1;0.01;15;10;10;46;1.5;0.01
1;5;30;10;20;46;1.5;4.56
1;5;8;10;5;47;1.5;3.38
0.75;0.01;15;10;10;47;1.5;0.1
0.75;5;30;10;20;47;1.5;28.03
0.5;2.5;8;10;5;48;1.5;5.13
0;1;15;10;10;48;1.5;3.89
0.25;5;30;10;20;48;1.5;40.22
0.25;10;8;10;5;49;1.5;14.4
0;2.5;15;10;10;49;1.5;12.59
0;0.01;30;10;20;49;1.5;0.02
0.5;2.5;8;10;5;50;1.5;5.23
0.5;10;15;10;10;50;1.5;26.76
1;2.5;30;10;20;50;1.5;3.46
0.5;2.5;8;10;5;51;1.5;6.09
1;2.5;15;10;10;51;1.5;3.08
0.5;0.01;30;10;20;51;1.5;-0.07
1;10;8;10;5;52;1.5;4.28
0.5;0.01;15;10;10;52;1.5;8.67361737988404e-18
1;0.01;30;10;20;52;1.5;0.06
0;5;8;10;5;53;1.5;10.82
1;1;15;10;10;53;1.5;1.74
1;10;30;10;20;53;1.5;5.62
1;2.5;8;10;5;54;1.5;2.51
0.25;0.01;15;10;10;54;1.5;-0.04
0;1;30;10;20;54;1.5;8.43
0;10;8;10;5;55;1.5;16.14
0.5;0.01;15;10;10;55;1.5;-0.1
0;5;30;10;20;55;1.5;40.99
1;5;8;10;5;56;1.5;3.49
0.5;2.5;15;10;10;56;1.5;9.72
0;0.01;30;10;20;56;1.5;0.03
0.75;10;8;10;5;57;1.5;13.3
0;2.5;15;10;10;57;1.5;12.54
0.25;10;30;10;20;57;1.5;57.4
0;2.5;8;10;5;58;1.5;6.67
0;2.5;15;10;10;58;1.5;11.9
0.75;2.5;30;10;20;58;1.5;13
0;1;8;10;5;59;1.5;2.16
0;0.01;15;10;10;59;1.5;-0.08
1;5;30;10;20;59;1.5;4.27
1;2.5;8;10;5;60;1.5;2.38
1;1;15;10;10;60;1.5;1.67
0;2.5;30;10;20;60;1.5;23.35
0.25;2.5;8;10;5;61;1.5;6.59
1;2.5;15;10;10;61;1.5;2.98
0.25;2.5;30;10;20;61;1.5;21.73
0.75;1;8;10;5;62;1.5;2.29
0.25;2.5;15;10;10;62;1.5;10.24
0.25;2.5;30;10;20;62;1.5;22.17
0.25;10;8;10;5;63;1.5;14.84
0.5;1;15;10;10;63;1.5;3.61
0;10;30;10;20;63;1.5;59.35
1;0.01;8;10;5;64;1.5;-0.07
0.25;10;15;10;10;64;1.5;28.28
0.5;1;30;10;20;64;1.5;6.27
0.5;2.5;8;10;5;65;1.5;4.69
0.5;5;15;10;10;65;1.5;17.13
0.25;2.5;30;10;20;65;1.5;22.98
0.5;1;8;10;5;66;1.5;1.97
0;10;15;10;10;66;1.5;29.29
1;1;30;10;20;66;1.5;2.11
0.5;1;8;10;5;67;1.5;1.73
1;1;15;10;10;67;1.5;1.77
1;1;30;10;20;67;1.5;2.13
0.5;5;8;10;5;68;1.5;9.16
0.75;2.5;15;10;10;68;1.5;6
0.25;5;30;10;20;68;1.5;37.86
0.25;0.01;8;10;5;69;1.5;0.08
0.75;0.01;15;10;10;69;1.5;0.05
1;1;30;10;20;69;1.5;2.12
0.75;5;8;10;5;70;1.5;7.87
0.75;5;15;10;10;70;1.5;14.36
0;0.01;30;10;20;70;1.5;-0.05
1;5;8;10;5;71;1.5;3.27
0.25;0.01;15;10;10;71;1.5;-0.08
1;5;30;10;20;71;1.5;4.43
0.75;5;8;10;5;72;1.5;5.73
0.25;0.01;15;10;10;72;1.5;-0.05
0.5;1;30;10;20;72;1.5;6.34
0.5;0.01;8;10;5;73;1.5;0.15
0.5;5;15;10;10;73;1.5;18.72
0.5;5;30;10;20;73;1.5;34.35
1;0.01;8;10;5;74;1.5;-0.01
1;2.5;15;10;10;74;1.5;2.97
0.5;10;30;10;20;74;1.5;52.81
0.5;2.5;8;10;5;75;1.5;6.28
0;5;15;10;10;75;1.5;20.57
0.5;5;30;10;20;75;1.5;34.46
0.5;1;8;10;5;76;1.5;1.95
0.25;2.5;15;10;10;76;1.5;12.15
1;0.01;30;10;20;76;1.5;0.03
0.25;0.01;8;10;5;77;1.5;-0.02
0.75;10;15;10;10;77;1.5;19.71
0;5;30;10;20;77;1.5;39.88
0.5;5;8;10;5;78;1.5;9.87
0.5;1;15;10;10;78;1.5;3.82
0.75;1;30;10;20;78;1.5;4.61
0.25;2.5;8;10;5;79;1.5;6.01
0.25;5;15;10;10;79;1.5;19.81
0.75;5;30;10;20;79;1.5;30.49
0.5;1;8;10;5;80;1.5;1.73
0.75;2.5;15;10;10;80;1.5;6.53
0;0.01;30;10;20;80;1.5;-0.08
0;0.01;8;10;5;81;1.5;-0.08
0.75;10;15;10;10;81;1.5;23.02
0;10;30;10;20;81;1.5;61.09
0.25;10;8;10;5;82;1.5;15.53
0.5;2.5;15;10;10;82;1.5;9.14
0.75;10;30;10;20;82;1.5;48.8
1;2.5;8;10;5;83;1.5;2.54
1;10;15;10;10;83;1.5;4.86
0.25;5;30;10;20;83;1.5;39.21
0.5;1;8;10;5;84;1.5;2.06
0;1;15;10;10;84;1.5;4.21
0;0.01;30;10;20;84;1.5;0.06
0.5;0.01;8;10;5;85;1.5;0.06
1;10;15;10;10;85;1.5;4.79
1;10;30;10;20;85;1.5;5.44
1;5;8;10;5;86;1.5;3.42
0;1;15;10;10;86;1.5;3.84
1;0.01;30;10;20;86;1.5;-0.06
0.5;2.5;8;10;5;87;1.5;5.76
0;0.01;15;10;10;87;1.5;0.06
0.75;0.01;30;10;20;87;1.5;-0.08
0.5;0.01;8;10;5;88;1.5;-0.08
0.75;1;15;10;10;88;1.5;2.57
0.25;5;30;10;20;88;1.5;38.52
0.75;5;8;10;5;89;1.5;8.07
0.25;5;15;10;10;89;1.5;20.18
1;10;30;10;20;89;1.5;5.61
0.25;2.5;8;10;5;90;1.5;5.31
1;10;15;10;10;90;1.5;4.89
1;0.01;30;10;20;90;1.5;-0.03
1;1;8;10;5;91;1.5;1.24
0.5;5;15;10;10;91;1.5;17.79
0.25;2.5;30;10;20;91;1.5;21.6
0.5;0.01;8;10;5;92;1.5;-0.11
0.75;0.01;15;10;10;92;1.5;-0.05
0.5;5;30;10;20;92;1.5;34.07
0.5;2.5;8;10;5;93;1.5;5.79
0.5;2.5;15;10;10;93;1.5;11.33
0.75;0.01;30;10;20;93;1.5;0.02
0;2.5;8;10;5;94;1.5;5.81
0.25;2.5;15;10;10;94;1.5;11.81
0.5;10;30;10;20;94;1.5;50.7
0;0.01;8;10;5;95;1.5;0.01
0;0.01;15;10;10;95;1.5;-0.06
0.25;10;30;10;20;95;1.5;57.42
1;10;8;10;5;96;1.5;4.45
0.5;5;15;10;10;96;1.5;17.83
1;1;30;10;20;96;1.5;2.13
0.75;2.5;8;10;5;97;1.5;3.73
0;5;15;10;10;97;1.5;21.96
0.25;2.5;30;10;20;97;1.5;22.83
1;5;8;10;5;98;1.5;3.64
0.75;1;15;10;10;98;1.5;2.77
0;2.5;30;10;20;98;1.5;24.36
1;2.5;8;10;5;99;1.5;2.32
1;5;15;10;10;99;1.5;3.86
0;5;30;10;20;99;1.5;39.85
1;0.01;8;10;5;100;1.5;0.08
1;5;15;10;10;100;1.5;3.98
1;5;30;10;20;100;1.5;4.5
0.5;1;10;10;5;1;2;2.34
0;1;20;10;10;1;2;4.22
0.5;10;40;10;20;1;2;57.01
0.25;1;10;10;5;2;2;1.91
0.5;0.01;20;10;10;2;2;-0.01
1;0.01;40;10;20;2;2;-0.11
0.5;0.01;10;10;5;3;2;-0.16
0.25;0.01;20;10;10;3;2;0.04
1;1;40;10;20;3;2;2.22
0;0.01;10;10;5;4;2;0.04
0;10;20;10;10;4;2;31.88
0.5;0.01;40;10;20;4;2;0.05
0.5;2.5;10;10;5;5;2;4.89
0;2.5;20;10;10;5;2;12.45
0.5;10;40;10;20;5;2;57.04
0;0.01;10;10;5;6;2;-5.20417042793042e-18
1;10;20;10;10;6;2;4.88
1;1;40;10;20;6;2;2.17
0.5;0.01;10;10;5;7;2;0.08
0.75;0.01;20;10;10;7;2;0.11
0.5;5;40;10;20;7;2;38.77
0.75;5;10;10;5;8;2;7.4
0.5;0.01;20;10;10;8;2;-0.07
0;2.5;40;10;20;8;2;25.86
0;0.01;10;10;5;9;2;0.09
0.5;2.5;20;10;10;9;2;8.98
0.75;0.01;40;10;20;9;2;0.04
0;2.5;10;10;5;10;2;6.8
0.25;5;20;10;10;10;2;20.09
0.25;10;40;10;20;10;2;59.21
0.75;10;10;10;5;11;2;12.42
0.5;2.5;20;10;10;11;2;12.35
0.5;2.5;40;10;20;11;2;19.65
0.5;5;10;10;5;12;2;9.84
0;5;20;10;10;12;2;21.41
0.25;2.5;40;10;20;12;2;22.97
0.75;10;10;10;5;13;2;12.47
0;10;20;10;10;13;2;30.59
0.5;10;40;10;20;13;2;56.41
0.25;1;10;10;5;14;2;2.21
0.25;5;20;10;10;14;2;21.02
0;0.01;40;10;20;14;2;0.02
0;5;10;10;5;15;2;11.32
0.5;1;20;10;10;15;2;3.57
0.25;2.5;40;10;20;15;2;24.15
0.75;2.5;10;10;5;16;2;5.01
0.75;1;20;10;10;16;2;2.59
0.75;2.5;40;10;20;16;2;16.46
0.25;1;10;10;5;17;2;2.57
1;10;20;10;10;17;2;4.99
0.25;1;40;10;20;17;2;7.93
0.5;1;10;10;5;18;2;1.98
0.25;5;20;10;10;18;2;19.76
0.75;2.5;40;10;20;18;2;14.17
0;10;10;10;5;19;2;15.72
0.5;2.5;20;10;10;19;2;10.46
0.75;2.5;40;10;20;19;2;15.49
0.25;0.01;10;10;5;20;2;0.01
1;2.5;20;10;10;20;2;2.99
0.75;0.01;40;10;20;20;2;-0.1
0.25;10;10;10;5;21;2;15.34
0.25;10;20;10;10;21;2;30.69
0.25;2.5;40;10;20;21;2;24.61
1;10;10;10;5;22;2;4.74
1;0.01;20;10;10;22;2;0.06
0.25;5;40;10;20;22;2;41.91
0.5;1;10;10;5;23;2;1.8
0;2.5;20;10;10;23;2;13.22
1;2.5;40;10;20;23;2;3.38
0;10;10;10;5;24;2;16.71
0.25;0.01;20;10;10;24;2;0.1
0.25;10;40;10;20;24;2;59.11
0.5;1;10;10;5;25;2;1.79
0.25;0.01;20;10;10;25;2;-0.02
0;0.01;40;10;20;25;2;0.01
1;5;10;10;5;26;2;3.45
0.5;5;20;10;10;26;2;18.85
0.5;1;40;10;20;26;2;7.05
0.25;10;10;10;5;27;2;14.66
0;5;20;10;10;27;2;21.31
1;5;40;10;20;27;2;4.55
1;5;10;10;5;28;2;3.43
0.25;1;20;10;10;28;2;3.61
0;1;40;10;20;28;2;8.63
0;1;10;10;5;29;2;2.01
1;0.01;20;10;10;29;2;-0.04
0.75;0.01;40;10;20;29;2;-0.01
0;5;10;10;5;30;2;10.82
0;0.01;20;10;10;30;2;0.16
0;10;40;10;20;30;2;61.36
1;1;10;10;5;31;2;1.1
0.5;0.01;20;10;10;31;2;0.01
0.75;5;40;10;20;31;2;26.1
0.25;1;10;10;5;32;2;2.35
0.25;0.01;20;10;10;32;2;-0.05
0.25;5;40;10;20;32;2;41.07
0.75;1;10;10;5;33;2;1.88
0.75;1;20;10;10;33;2;2.7
0;2.5;40;10;20;33;2;25.14
0.5;2.5;10;10;5;34;2;6.06
0;5;20;10;10;34;2;21.43
0.25;0.01;40;10;20;34;2;0.11
0.25;2.5;10;10;5;35;2;6.21
0.75;10;20;10;10;35;2;22.9
1;2.5;40;10;20;35;2;3.53
0.25;0.01;10;10;5;36;2;0.02
1;2.5;20;10;10;36;2;2.87
0.75;5;40;10;20;36;2;27.1
0.5;2.5;10;10;5;37;2;5.94
0;1;20;10;10;37;2;4.21
0.75;5;40;10;20;37;2;30.68
0;5;10;10;5;38;2;10.87
0;1;20;10;10;38;2;4.55
0.5;5;40;10;20;38;2;35
0.25;10;10;10;5;39;2;15.85
0.5;1;20;10;10;39;2;3.92
0;10;40;10;20;39;2;61.72
0.75;1;10;10;5;40;2;1.21
0.75;1;20;10;10;40;2;2.69
0;0.01;40;10;20;40;2;0.09
0.5;10;10;10;5;41;2;15.11
0.75;5;20;10;10;41;2;14.86
0.75;1;40;10;20;41;2;5.3
0.25;1;10;10;5;42;2;1.9
0.75;10;20;10;10;42;2;24.42
0.25;10;40;10;20;42;2;59.91
0.25;0.01;10;10;5;43;2;0.1
0;1;20;10;10;43;2;4.5
0;1;40;10;20;43;2;8.71
1;1;10;10;5;44;2;1.29
0.75;1;20;10;10;44;2;3.07
1;10;40;10;20;44;2;5.51
0.75;2.5;10;10;5;45;2;5.01
0.5;5;20;10;10;45;2;15.97
0.75;10;40;10;20;45;2;45.12
1;2.5;10;10;5;46;2;2.47
1;5;20;10;10;46;2;4.07
1;10;40;10;20;46;2;5.41
0.5;0.01;10;10;5;47;2;-1.73472347597681e-18
0;1;20;10;10;47;2;4.71
0.25;10;40;10;20;47;2;58.36
0.25;10;10;10;5;48;2;14.97
0.75;1;20;10;10;48;2;3.02
0.5;2.5;40;10;20;48;2;20.76
0.75;5;10;10;5;49;2;8.19
0.5;1;20;10;10;49;2;3.08
0.75;0.01;40;10;20;49;2;0.06
0;0.01;10;10;5;50;2;0.01
0;0.01;20;10;10;50;2;0.01
1;2.5;40;10;20;50;2;3.4
0.5;0.01;10;10;5;51;2;0.08
0.25;0.01;20;10;10;51;2;0.02
1;2.5;40;10;20;51;2;3.49
0.5;1;10;10;5;52;2;1.87
1;0.01;20;10;10;52;2;-0.06
0.25;1;40;10;20;52;2;8.28
0.25;10;10;10;5;53;2;15.18
0;0.01;20;10;10;53;2;-0.07
0;10;40;10;20;53;2;61.79
0.5;2.5;10;10;5;54;2;6.83
0.5;5;20;10;10;54;2;18.69
1;2.5;40;10;20;54;2;3.45
0.75;2.5;10;10;5;55;2;4.21
0.25;2.5;20;10;10;55;2;11.41
0.75;5;40;10;20;55;2;32.12
0.25;1;10;10;5;56;2;1.81
0.25;1;20;10;10;56;2;4.02
1;5;40;10;20;56;2;4.54
0;5;10;10;5;57;2;10.87
0.75;5;20;10;10;57;2;14.55
0.25;0.01;40;10;20;57;2;-0.05
0.75;5;10;10;5;58;2;8.45
0.75;1;20;10;10;58;2;3.02
0.5;1;40;10;20;58;2;6.88
0;0.01;10;10;5;59;2;0.04
0.75;5;20;10;10;59;2;16.03
0;2.5;40;10;20;59;2;25.44
0.5;10;10;10;5;60;2;14.74
1;2.5;20;10;10;60;2;3.04
1;10;40;10;20;60;2;5.58
0.25;0.01;10;10;5;61;2;-0.11
0.5;1;20;10;10;61;2;4.09
0.5;10;40;10;20;61;2;55.59
0;0.01;10;10;5;62;2;-0.08
0.5;0.01;20;10;10;62;2;0.08
0.75;2.5;40;10;20;62;2;13.71
0.25;0.01;10;10;5;63;2;-0.01
1;10;20;10;10;63;2;5.13
0.5;2.5;40;10;20;63;2;19.18
0.75;0.01;10;10;5;64;2;-0.02
0;1;20;10;10;64;2;4.04
0;2.5;40;10;20;64;2;25.11
0.25;2.5;10;10;5;65;2;6.21
0.25;10;20;10;10;65;2;30.43
0.25;2.5;40;10;20;65;2;23.65
0.25;5;10;10;5;66;2;10.18
0;2.5;20;10;10;66;2;11.89
0.75;2.5;40;10;20;66;2;13.38
0.75;1;10;10;5;67;2;2.11
0.75;1;20;10;10;67;2;2.78
0.75;0.01;40;10;20;67;2;0.03
0;0.01;10;10;5;68;2;0.03
0.5;2.5;20;10;10;68;2;10.89
0.5;1;40;10;20;68;2;6.04
1;5;10;10;5;69;2;3.59
0;0.01;20;10;10;69;2;0.07
0.75;10;40;10;20;69;2;47.95
0;1;10;10;5;70;2;2
0.25;5;20;10;10;70;2;19.99
0.25;10;40;10;20;70;2;60.52
0.75;5;10;10;5;71;2;7.36
0.5;2.5;20;10;10;71;2;10.11
0;5;40;10;20;71;2;43.13
0.5;5;10;10;5;72;2;8.98
1;1;20;10;10;72;2;1.79
0.25;1;40;10;20;72;2;7.44
0.75;5;10;10;5;73;2;8.47
0;10;20;10;10;73;2;30.39
0;0.01;40;10;20;73;2;-0.08
1;1;10;10;5;74;2;1.23
0.25;0.01;20;10;10;74;2;0
0.75;1;40;10;20;74;2;4.25
0.25;0.01;10;10;5;75;2;-0.06
0.25;10;20;10;10;75;2;30.07
0.75;1;40;10;20;75;2;4.83
0;5;10;10;5;76;2;11.57
0.25;2.5;20;10;10;76;2;12.33
0.75;1;40;10;20;76;2;4.49
0.75;0.01;10;10;5;77;2;0.04
0.25;1;20;10;10;77;2;4.29
0.75;5;40;10;20;77;2;29.33
0.75;1;10;10;5;78;2;1.31
0.25;0.01;20;10;10;78;2;-0.04
0.75;5;40;10;20;78;2;29.06
0.25;0.01;10;10;5;79;2;-0.01
0.5;0.01;20;10;10;79;2;0.08
0;5;40;10;20;79;2;42.88
1;10;10;10;5;80;2;4.72
1;2.5;20;10;10;80;2;2.89
0.25;2.5;40;10;20;80;2;23.93
0.5;5;10;10;5;81;2;9.92
1;0.01;20;10;10;81;2;-0.02
0.25;0.01;40;10;20;81;2;-0.08
0.25;5;10;10;5;82;2;9.54
1;2.5;20;10;10;82;2;2.81
0.5;2.5;40;10;20;82;2;19.75
0.75;0.01;10;10;5;83;2;0.14
0.5;10;20;10;10;83;2;29.57
0.5;10;40;10;20;83;2;57.49
0.5;2.5;10;10;5;84;2;4.56
0.5;1;20;10;10;84;2;3.8
0;0.01;40;10;20;84;2;0.15
0.5;1;10;10;5;85;2;1.8
0.25;5;20;10;10;85;2;20.74
0.75;5;40;10;20;85;2;30.97
0.75;1;10;10;5;86;2;1.57
0.25;5;20;10;10;86;2;20.72
0;0.01;40;10;20;86;2;-0.05
1;0.01;10;10;5;87;2;0.14
0.75;0.01;20;10;10;87;2;-0.14
1;1;40;10;20;87;2;2.17
0.25;10;10;10;5;88;2;14.89
0;2.5;20;10;10;88;2;12.8
1;0.01;40;10;20;88;2;0.04
0.5;5;10;10;5;89;2;10.99
0;1;20;10;10;89;2;4.39
0.5;10;40;10;20;89;2;52.39
1;1;10;10;5;90;2;1.47
1;10;20;10;10;90;2;4.98
0.75;5;40;10;20;90;2;27.33
0;0.01;10;10;5;91;2;0.01
0.25;0.01;20;10;10;91;2;0.05
1;2.5;40;10;20;91;2;3.35
0.75;10;10;10;5;92;2;13.51
0;1;20;10;10;92;2;4.01
0.75;5;40;10;20;92;2;28.74
0;5;10;10;5;93;2;10.4
1;2.5;20;10;10;93;2;2.91
0.75;2.5;40;10;20;93;2;14.3
0;0.01;10;10;5;94;2;-0.14
0.5;1;20;10;10;94;2;3.49
0.75;0.01;40;10;20;94;2;-0.06
0.5;0.01;10;10;5;95;2;0.01
1;0.01;20;10;10;95;2;0.11
0.5;5;40;10;20;95;2;36.19
1;2.5;10;10;5;96;2;2.63
0.5;2.5;20;10;10;96;2;10.91
0.25;10;40;10;20;96;2;59.48
0.75;1;10;10;5;97;2;1.63
0;10;20;10;10;97;2;31.77
1;5;40;10;20;97;2;4.5
1;2.5;10;10;5;98;2;2.4
0.75;0.01;20;10;10;98;2;0.03
0.25;0.01;40;10;20;98;2;0.03
0.5;2.5;10;10;5;99;2;4.44
1;0.01;20;10;10;99;2;0.09
0.75;5;40;10;20;99;2;26.19
0.25;0.01;10;10;5;100;2;0.22
1;10;20;10;10;100;2;5.1
0.5;10;40;10;20;100;2;55.04
0.25;5;15;10;5;1;3;10.81
0.75;2.5;30;10;10;1;3;7.56
0.25;2.5;60;10;20;1;3;24.29
0.75;10;15;10;5;2;3;12.05
0.5;1;30;10;10;2;3;3.8
0;2.5;60;10;20;2;3;26.36
0;10;15;10;5;3;3;15.45
0.75;1;30;10;10;3;3;3.13
1;0.01;60;10;20;3;3;-0.01
0.25;0.01;15;10;5;4;3;-0.05
0.5;2.5;30;10;10;4;3;10.53
0.25;2.5;60;10;20;4;3;24.61
0.25;5;15;10;5;5;3;10.37
0.5;5;30;10;10;5;3;20.56
0.75;2.5;60;10;20;5;3;16.07
0;1;15;10;5;6;3;2.32
0;0.01;30;10;10;6;3;0.01
0;5;60;10;20;6;3;44.85
0;1;15;10;5;7;3;2.29
0.5;1;30;10;10;7;3;3.78
0;2.5;60;10;20;7;3;26.47
0.5;2.5;15;10;5;8;3;5.86
0.25;0.01;30;10;10;8;3;-0.03
0;0.01;60;10;20;8;3;0.06
0.25;1;15;10;5;9;3;2.47
0;1;30;10;10;9;3;4.73
0.5;2.5;60;10;20;9;3;20.41
0.25;5;15;10;5;10;3;10.9
0.25;1;30;10;10;10;3;4.41
0.5;2.5;60;10;20;10;3;20.83
1;2.5;15;10;5;11;3;2.4
0;5;30;10;10;11;3;22.15
0;2.5;60;10;20;11;3;26.94
0.75;10;15;10;5;12;3;11.26
0;0.01;30;10;10;12;3;0.03
1;2.5;60;10;20;12;3;3.33
0.5;1;15;10;5;13;3;1.92
1;2.5;30;10;10;13;3;2.97
1;5;60;10;20;13;3;4.55
1;5;15;10;5;14;3;3.42
0.75;2.5;30;10;10;14;3;7.42
0.75;5;60;10;20;14;3;27.96
0.75;2.5;15;10;5;15;3;4.18
0.5;2.5;30;10;10;15;3;10.95
1;1;60;10;20;15;3;2.21
0.75;1;15;10;5;16;3;1.9
0.5;10;30;10;10;16;3;28.67
1;5;60;10;20;16;3;4.55
0.5;0.01;15;10;5;17;3;-0.07
0.75;10;30;10;10;17;3;23.47
0.75;2.5;60;10;20;17;3;15.07
0;10;15;10;5;18;3;15.98
1;5;30;10;10;18;3;3.92
0.75;2.5;60;10;20;18;3;13.79
0.5;2.5;15;10;5;19;3;6.32
0;2.5;30;10;10;19;3;13.34
1;10;60;10;20;19;3;5.35
0.25;5;15;10;5;20;3;10.7
1;1;30;10;10;20;3;1.6
0;5;60;10;20;20;3;44.45
0.5;0.01;15;10;5;21;3;0.03
0.75;5;30;10;10;21;3;18.2
0.75;2.5;60;10;20;21;3;15.06
1;5;15;10;5;22;3;3.42
0.75;5;30;10;10;22;3;16.67
0.75;0.01;60;10;20;22;3;0.02
1;2.5;15;10;5;23;3;2.7
0.75;5;30;10;10;23;3;17.23
1;2.5;60;10;20;23;3;3.42
0.75;5;15;10;5;24;3;8.97
1;10;30;10;10;24;3;4.95
1;10;60;10;20;24;3;5.53
0.5;0.01;15;10;5;25;3;-0.02
1;10;30;10;10;25;3;4.95
1;0.01;60;10;20;25;3;-0.05
1;5;15;10;5;26;3;3.38
1;2.5;30;10;10;26;3;3.08
0.25;5;60;10;20;26;3;42.9
0.25;1;15;10;5;27;3;2.42
0;5;30;10;10;27;3;22.24
0.25;5;60;10;20;27;3;41.48
0.5;1;15;10;5;28;3;1.76
0;0.01;30;10;10;28;3;-0.02
0.25;1;60;10;20;28;3;8.4
0.5;1;15;10;5;29;3;2.02
0.75;2.5;30;10;10;29;3;8.65
1;0.01;60;10;20;29;3;0
1;1;15;10;5;30;3;1.22
1;1;30;10;10;30;3;1.55
1;5;60;10;20;30;3;4.51
0.75;10;15;10;5;31;3;13.67
1;1;30;10;10;31;3;1.74
0.25;2.5;60;10;20;31;3;24.87
0.75;10;15;10;5;32;3;12.62
0;1;30;10;10;32;3;4.48
0.75;5;60;10;20;32;3;31.76
0;0.01;15;10;5;33;3;0.05
0;10;30;10;10;33;3;32.03
1;10;60;10;20;33;3;5.54
0;0.01;15;10;5;34;3;0.04
1;5;30;10;10;34;3;3.86
0.5;10;60;10;20;34;3;57.59
0;10;15;10;5;35;3;16.44
0.75;1;30;10;10;35;3;3
0.25;5;60;10;20;35;3;41.12
0.25;10;15;10;5;36;3;15.08
0;0.01;30;10;10;36;3;-0.05
0;5;60;10;20;36;3;44.72
1;10;15;10;5;37;3;4.43
0.75;10;30;10;10;37;3;25.44
0.5;0.01;60;10;20;37;3;-0.15
0.75;5;15;10;5;38;3;9.6
0;5;30;10;10;38;3;21.95
0.5;5;60;10;20;38;3;37.84
0.75;0.01;15;10;5;39;3;0.03
0.5;2.5;30;10;10;39;3;11.16
0.5;1;60;10;20;39;3;7.16
0.75;2.5;15;10;5;40;3;4.76
0.25;0.01;30;10;10;40;3;0.07
0.25;1;60;10;20;40;3;8.45
0.75;1;15;10;5;41;3;2.19
1;10;30;10;10;41;3;5.02
0;5;60;10;20;41;3;44.29
0.25;10;15;10;5;42;3;15.98
0;2.5;30;10;10;42;3;13.12
0.25;1;60;10;20;42;3;8.41
0;5;15;10;5;43;3;10.68
0;5;30;10;10;43;3;22.22
0.25;10;60;10;20;43;3;61.32
0.75;5;15;10;5;44;3;7.95
0.5;10;30;10;10;44;3;28.11
0.5;0.01;60;10;20;44;3;-0.07
0.5;10;15;10;5;45;3;15.09
0;1;30;10;10;45;3;4.37
0;5;60;10;20;45;3;44.4
0.25;5;15;10;5;46;3;10.17
0;0.01;30;10;10;46;3;0.07
0.5;1;60;10;20;46;3;7.12
0.5;1;15;10;5;47;3;1.85
1;0.01;30;10;10;47;3;-0.05
0.5;2.5;60;10;20;47;3;20.62
0.75;5;15;10;5;48;3;9.34
1;5;30;10;10;48;3;3.95
0.25;0.01;60;10;20;48;3;1.73472347597681e-18
1;2.5;15;10;5;49;3;2.32
0;0.01;30;10;10;49;3;-0.01
0.75;1;60;10;20;49;3;4.93
0.25;5;15;10;5;50;3;10.86
1;0.01;30;10;10;50;3;-0.02
1;2.5;60;10;20;50;3;3.44
0.5;5;15;10;5;51;3;10.36
0.5;5;30;10;10;51;3;18.8
0.5;0.01;60;10;20;51;3;-0.12
0;0.01;15;10;5;52;3;-0.02
0.5;10;30;10;10;52;3;30.24
0.25;10;60;10;20;52;3;61.6
0.75;2.5;15;10;5;53;3;5.25
0.75;2.5;30;10;10;53;3;8.4
0.5;10;60;10;20;53;3;56.69
1;1;15;10;5;54;3;1.25
0;1;30;10;10;54;3;4.88
0.5;10;60;10;20;54;3;56.93
0.75;0.01;15;10;5;55;3;-0.07
0.5;0.01;30;10;10;55;3;0.14
0.5;0.01;60;10;20;55;3;0.01
0.75;1;15;10;5;56;3;1.7
0;5;30;10;10;56;3;21.98
0.75;10;60;10;20;56;3;47.32
0.5;0.01;15;10;5;57;3;-0.03
0;0.01;30;10;10;57;3;0.11
0.5;10;60;10;20;57;3;57.19
0.75;1;15;10;5;58;3;1.58
1;1;30;10;10;58;3;1.74
0.5;2.5;60;10;20;58;3;21.65
0;1;15;10;5;59;3;2.11
1;10;30;10;10;59;3;4.96
0.75;10;60;10;20;59;3;45.36
0;1;15;10;5;60;3;2.32
0.25;5;30;10;10;60;3;20.56
0.5;0.01;60;10;20;60;3;0.09
0;10;15;10;5;61;3;15.61
0.25;5;30;10;10;61;3;20.98
1;1;60;10;20;61;3;2.23
0.75;10;15;10;5;62;3;12.33
0.75;2.5;30;10;10;62;3;7.65
0.75;2.5;60;10;20;62;3;14.31
0.5;10;15;10;5;63;3;13.87
0.25;10;30;10;10;63;3;30.61
0.5;5;60;10;20;63;3;37.11
0;5;15;10;5;64;3;10.69
0;1;30;10;10;64;3;4.64
0.75;5;60;10;20;64;3;28.25
0.5;5;15;10;5;65;3;9.63
0;2.5;30;10;10;65;3;12.9
0.75;1;60;10;20;65;3;4.78
1;0.01;15;10;5;66;3;3.46944695195361e-18
0;2.5;30;10;10;66;3;13.25
0;10;60;10;20;66;3;65.09
0.5;10;15;10;5;67;3;14.84
0;1;30;10;10;67;3;4.64
0;5;60;10;20;67;3;44.02
0;1;15;10;5;68;3;1.96
0.25;10;30;10;10;68;3;30.32
0.25;2.5;60;10;20;68;3;24.15
1;1;15;10;5;69;3;1.41
0.75;0.01;30;10;10;69;3;-0.07
0.25;1;60;10;20;69;3;8.37
1;2.5;15;10;5;70;3;2.59
0;10;30;10;10;70;3;31.96
1;2.5;60;10;20;70;3;3.44
0.75;2.5;15;10;5;71;3;4.28
0;10;30;10;10;71;3;31.76
0.25;5;60;10;20;71;3;41.65
0.25;10;15;10;5;72;3;15.41
0.5;1;30;10;10;72;3;3.39
0.5;5;60;10;20;72;3;36.9
0.5;2.5;15;10;5;73;3;5.44
1;1;30;10;10;73;3;1.83
0.75;5;60;10;20;73;3;27.79
0.25;10;15;10;5;74;3;15.82
0.75;0.01;30;10;10;74;3;-0.09
1;0.01;60;10;20;74;3;-0.09
0.25;2.5;15;10;5;75;3;6.68
0.5;0.01;30;10;10;75;3;0.02
0.25;0.01;60;10;20;75;3;-0.03
0.75;2.5;15;10;5;76;3;4.69
0.5;2.5;30;10;10;76;3;10.21
0.25;10;60;10;20;76;3;61.08
0;10;15;10;5;77;3;15.57
0.25;5;30;10;10;77;3;21.25
0;1;60;10;20;77;3;8.97
0;0.01;15;10;5;78;3;0.05
0.5;2.5;30;10;10;78;3;10.88
0;0.01;60;10;20;78;3;0.03
1;5;15;10;5;79;3;3.34
0;2.5;30;10;10;79;3;13.18
1;1;60;10;20;79;3;2.24
0;0.01;15;10;5;80;3;-0.04
1;2.5;30;10;10;80;3;2.83
0.5;1;60;10;20;80;3;6.83
0.5;5;15;10;5;81;3;10.42
0.75;2.5;30;10;10;81;3;10.84
0.75;0.01;60;10;20;81;3;0.02
0.5;0.01;15;10;5;82;3;-1.73472347597681e-18
0.25;10;30;10;10;82;3;31.59
0.75;5;60;10;20;82;3;29.87
0.75;2.5;15;10;5;83;3;4.75
0;5;30;10;10;83;3;22.09
1;5;60;10;20;83;3;4.52
0;0.01;15;10;5;84;3;-0.02
0.75;5;30;10;10;84;3;14.9
0.25;2.5;60;10;20;84;3;24.95
0.25;10;15;10;5;85;3;15.46
0.5;5;30;10;10;85;3;20.27
0;5;60;10;20;85;3;44.28
1;10;15;10;5;86;3;4.54
0;1;30;10;10;86;3;4.21
1;2.5;60;10;20;86;3;3.48
0.5;5;15;10;5;87;3;10.84
0.75;5;30;10;10;87;3;14.28
0.75;5;60;10;20;87;3;27.95
1;5;15;10;5;88;3;3.25
1;5;30;10;10;88;3;4.08
0.75;10;60;10;20;88;3;48.05
0.5;10;15;10;5;89;3;13.5
0.75;0.01;30;10;10;89;3;0.07
0.75;2.5;60;10;20;89;3;16.13
0.25;0.01;15;10;5;90;3;0.12
0.5;0.01;30;10;10;90;3;-0.05
0.5;2.5;60;10;20;90;3;20.12
1;0.01;15;10;5;91;3;-0.01
0.75;5;30;10;10;91;3;16.91
0;1;60;10;20;91;3;9.16
0;2.5;15;10;5;92;3;6.65
0.25;0.01;30;10;10;92;3;0.03
0.25;5;60;10;20;92;3;42.55
0;1;15;10;5;93;3;2
0.75;10;30;10;10;93;3;25.52
0.75;1;60;10;20;93;3;4.56
0.5;10;15;10;5;94;3;15.67
1;1;30;10;10;94;3;1.62
1;2.5;60;10;20;94;3;3.46
0.25;2.5;15;10;5;95;3;6.46
0;2.5;30;10;10;95;3;13.24
0.75;0.01;60;10;20;95;3;0.02
1;2.5;15;10;5;96;3;2.51
0.75;2.5;30;10;10;96;3;7.89
0.5;5;60;10;20;96;3;35.06
0;1;15;10;5;97;3;2.26
0.25;10;30;10;10;97;3;30.46
0;2.5;60;10;20;97;3;26.56
0;5;15;10;5;98;3;11.26
0.5;5;30;10;10;98;3;19.01
0.75;10;60;10;20;98;3;46.34
0.75;0.01;15;10;5;99;3;0.01
0;2.5;30;10;10;99;3;13.03
0.25;2.5;60;10;20;99;3;24.72
0.25;1;15;10;5;100;3;2.17
0.5;1;30;10;10;100;3;3.66
1;10;60;10;20;100;3;5.59
0.25;2.5;25;10;5;1;5;6.72
0.25;0.01;50;10;10;1;5;0.06
0.75;10;100;10;20;1;5;46.48
0.5;2.5;25;10;5;2;5;6.15
0.5;1;50;10;10;2;5;4.2
0;2.5;100;10;20;2;5;27.6
1;0.01;25;10;5;3;5;0.02
0.25;5;50;10;10;3;5;21.7
0.75;2.5;100;10;20;3;5;15.25
0.75;0.01;25;10;5;4;5;-1.73472347597681e-18
1;1;50;10;10;4;5;1.68
0.25;2.5;100;10;20;4;5;25.28
1;2.5;25;10;5;5;5;2.45
1;0.01;50;10;10;5;5;-0.04
0.25;0.01;100;10;20;5;5;0.01
0;10;25;10;5;6;5;16.39
1;10;50;10;10;6;5;5.11
0;1;100;10;20;6;5;9.55
0.75;2.5;25;10;5;7;5;4.75
1;0.01;50;10;10;7;5;-0.02
0.5;0.01;100;10;20;7;5;0.07
0.25;0.01;25;10;5;8;5;-0.03
0.25;10;50;10;10;8;5;31.14
0.75;2.5;100;10;20;8;5;16.69
0.5;0.01;25;10;5;9;5;-0.04
0.25;1;50;10;10;9;5;4.49
0;1;100;10;20;9;5;9.43
0;10;25;10;5;10;5;16.3
0.25;2.5;50;10;10;10;5;13.05
0.5;5;100;10;20;10;5;38.51
0;2.5;25;10;5;11;5;6.6
0;2.5;50;10;10;11;5;13.68
1;10;100;10;20;11;5;5.57
0.75;10;25;10;5;12;5;12.35
0.5;5;50;10;10;12;5;20.16
0.25;0.01;100;10;20;12;5;-0.01
0;2.5;25;10;5;13;5;6.72
0.5;0.01;50;10;10;13;5;0.05
0.75;1;100;10;20;13;5;4.93
0.5;1;25;10;5;14;5;2.07
1;10;50;10;10;14;5;4.98
0;10;100;10;20;14;5;64.93
0.5;2.5;25;10;5;15;5;5.69
0.75;5;50;10;10;15;5;15.6
0;5;100;10;20;15;5;45.22
0.75;2.5;25;10;5;16;5;4.85
0.25;5;50;10;10;16;5;22.45
0.25;10;100;10;20;16;5;62.99
0.25;5;25;10;5;17;5;11.62
0.75;10;50;10;10;17;5;23.95
0.5;10;100;10;20;17;5;56.61
0.75;0.01;25;10;5;18;5;-0.08
0;0.01;50;10;10;18;5;-0.05
0.75;1;100;10;20;18;5;4.74
0;0.01;25;10;5;19;5;-0.02
1;1;50;10;10;19;5;1.67
1;2.5;100;10;20;19;5;3.49
0;1;25;10;5;20;5;2.48
0.5;0.01;50;10;10;20;5;0.03
0.25;1;100;10;20;20;5;8.54
0.5;2.5;25;10;5;21;5;6.27
0.5;0.01;50;10;10;21;5;-0.03
0.75;1;100;10;20;21;5;4.81
0.75;10;25;10;5;22;5;13.46
0;2.5;50;10;10;22;5;13.75
1;1;100;10;20;22;5;2.2
0.25;1;25;10;5;23;5;2.54
0.25;1;50;10;10;23;5;4.44
1;2.5;100;10;20;23;5;3.43
0;1;25;10;5;24;5;2.41
1;1;50;10;10;24;5;1.75
1;10;100;10;20;24;5;5.47
0.75;5;25;10;5;25;5;9.18
0.5;1;50;10;10;25;5;3.76
0.25;5;100;10;20;25;5;42.86
0.25;10;25;10;5;26;5;15.95
0.5;10;50;10;10;26;5;29.16
0;10;100;10;20;26;5;64.8
0.5;10;25;10;5;27;5;15.66
0.75;5;50;10;10;27;5;16.86
0.25;2.5;100;10;20;27;5;25.2
0.25;5;25;10;5;28;5;11.22
0.25;1;50;10;10;28;5;4.62
1;0.01;100;10;20;28;5;-0.01
0.25;0.01;25;10;5;29;5;-0.07
0.25;1;50;10;10;29;5;4.59
0.75;1;100;10;20;29;5;5.26
0.5;5;25;10;5;30;5;10.7
0.25;2.5;50;10;10;30;5;12.81
0.75;10;100;10;20;30;5;46.73
0.75;2.5;25;10;5;31;5;4.31
0.5;2.5;50;10;10;31;5;10.82
0.5;0.01;100;10;20;31;5;-0.08
1;0.01;25;10;5;32;5;0.02
0;1;50;10;10;32;5;4.52
0.25;1;100;10;20;32;5;8.8
0;10;25;10;5;33;5;16.68
0;5;50;10;10;33;5;22.69
0.25;0.01;100;10;20;33;5;-0.03
0.5;1;25;10;5;34;5;2.14
0.25;2.5;50;10;10;34;5;13.22
0.75;10;100;10;20;34;5;50.51
0;10;25;10;5;35;5;16.14
1;2.5;50;10;10;35;5;3.07
1;2.5;100;10;20;35;5;3.48
1;10;25;10;5;36;5;4.52
1;10;50;10;10;36;5;5.11
0;5;100;10;20;36;5;45.79
0.5;0.01;25;10;5;37;5;0.04
0;10;50;10;10;37;5;32.49
0.25;0.01;100;10;20;37;5;0.1
0.5;10;25;10;5;38;5;15.79
0.5;1;50;10;10;38;5;3.88
0.75;2.5;100;10;20;38;5;16.79
0.5;1;25;10;5;39;5;2.03
0;2.5;50;10;10;39;5;13.78
0.25;5;100;10;20;39;5;43.33
0.5;5;25;10;5;40;5;10.63
0.25;0.01;50;10;10;40;5;0.01
0.5;1;100;10;20;40;5;7.36
0;0.01;25;10;5;41;5;-0.08
0.25;1;50;10;10;41;5;4.27
0.25;1;100;10;20;41;5;8.23
0.25;1;25;10;5;42;5;2.3
0;10;50;10;10;42;5;32.33
0.25;5;100;10;20;42;5;42.32
0;5;25;10;5;43;5;11.45
0.25;5;50;10;10;43;5;21.63
1;1;100;10;20;43;5;2.25
1;5;25;10;5;44;5;3.44
0.75;10;50;10;10;44;5;24.9
1;2.5;100;10;20;44;5;3.58
0.75;1;25;10;5;45;5;1.65
1;5;50;10;10;45;5;3.92
1;1;100;10;20;45;5;2.12
1;10;25;10;5;46;5;4.44
1;1;50;10;10;46;5;1.7
0;0.01;100;10;20;46;5;0.02
0.25;1;25;10;5;47;5;2.37
0;1;50;10;10;47;5;4.95
0.5;0.01;100;10;20;47;5;-0.07
1;0.01;25;10;5;48;5;0
0;5;50;10;10;48;5;22.84
0;2.5;100;10;20;48;5;27.57
0;1;25;10;5;49;5;2.02
0;10;50;10;10;49;5;32.65
0.75;5;100;10;20;49;5;28.21
0.25;0.01;25;10;5;50;5;-0.03
1;0.01;50;10;10;50;5;-0.01
0.75;2.5;100;10;20;50;5;15.63
0.75;5;25;10;5;51;5;7.51
0.25;0.01;50;10;10;51;5;0.09
0.5;2.5;100;10;20;51;5;21.53
1;1;25;10;5;52;5;1.36
0.25;1;50;10;10;52;5;4.63
0.75;0.01;100;10;20;52;5;-0.07
0.75;10;25;10;5;53;5;12.47
1;2.5;50;10;10;53;5;3.03
0.75;0.01;100;10;20;53;5;0.09
0.25;2.5;25;10;5;54;5;6.11
0.5;2.5;50;10;10;54;5;10.76
0.25;5;100;10;20;54;5;43.99
0;5;25;10;5;55;5;11.35
1;0.01;50;10;10;55;5;-0.04
0.5;5;100;10;20;55;5;36.57
0.25;5;25;10;5;56;5;11.26
0.5;10;50;10;10;56;5;29.56
0.75;1;100;10;20;56;5;5.1
0.25;1;25;10;5;57;5;2.48
0.75;1;50;10;10;57;5;3.37
0.75;0.01;100;10;20;57;5;0.07
0.25;1;25;10;5;58;5;1.98
0.25;10;50;10;10;58;5;32.08
0.5;1;100;10;20;58;5;6.16
0.5;0.01;25;10;5;59;5;0.1
1;0.01;50;10;10;59;5;0.04
0.5;10;100;10;20;59;5;57.48
0.25;5;25;10;5;60;5;11.57
0.5;0.01;50;10;10;60;5;0.03
0.75;5;100;10;20;60;5;29.46
0.5;1;25;10;5;61;5;2.16
1;1;50;10;10;61;5;1.72
0;1;100;10;20;61;5;9.66
0.5;10;25;10;5;62;5;14.5
0.75;5;50;10;10;62;5;16.71
0.5;5;100;10;20;62;5;38.83
0.75;0.01;25;10;5;63;5;0.01
0.5;1;50;10;10;63;5;3.81
0;10;100;10;20;63;5;65.28
1;5;25;10;5;64;5;3.53
0;0.01;50;10;10;64;5;-0.01
0.25;10;100;10;20;64;5;63.34
0.25;1;25;10;5;65;5;2.27
0.5;1;50;10;10;65;5;3.74
0;2.5;100;10;20;65;5;27.45
0.25;5;25;10;5;66;5;11.45
0;5;50;10;10;66;5;23
0.5;10;100;10;20;66;5;58.3
1;10;25;10;5;67;5;4.48
0.75;2.5;50;10;10;67;5;8.88
0;5;100;10;20;67;5;45.54
0.75;1;25;10;5;68;5;1.96
0.25;0.01;50;10;10;68;5;0.04
0.5;10;100;10;20;68;5;58.81
0.5;2.5;25;10;5;69;5;5.88
0.25;10;50;10;10;69;5;31.93
0.5;10;100;10;20;69;5;59.38
0.75;0.01;25;10;5;70;5;0.06
0.5;5;50;10;10;70;5;20.02
0.5;10;100;10;20;70;5;56.87
1;0.01;25;10;5;71;5;0.07
0.25;10;50;10;10;71;5;31.61
0.25;5;100;10;20;71;5;41.35
1;5;25;10;5;72;5;3.42
0;2.5;50;10;10;72;5;13.65
0;2.5;100;10;20;72;5;27.03
1;5;25;10;5;73;5;3.45
0.5;0.01;50;10;10;73;5;0.09
1;0.01;100;10;20;73;5;-0.01
0.5;1;25;10;5;74;5;2.37
0.5;5;50;10;10;74;5;19.89
0;10;100;10;20;74;5;64.93
0;0.01;25;10;5;75;5;-0.07
0;2.5;50;10;10;75;5;13.78
0.75;10;100;10;20;75;5;49.19
0;0.01;25;10;5;76;5;0
0.25;0.01;50;10;10;76;5;-0.08
0;0.01;100;10;20;76;5;-0.01
0.75;2.5;25;10;5;77;5;5.88
0;10;50;10;10;77;5;31.98
0.5;1;100;10;20;77;5;6.63
0;10;25;10;5;78;5;16.24
0;10;50;10;10;78;5;32.58
0.25;10;100;10;20;78;5;62.53
0;0.01;25;10;5;79;5;0.04
0.5;5;50;10;10;79;5;19.63
0.5;5;100;10;20;79;5;39.59
0.5;2.5;25;10;5;80;5;6.04
0.5;1;50;10;10;80;5;3.72
0;5;100;10;20;80;5;45.59
0.25;1;25;10;5;81;5;2.61
1;10;50;10;10;81;5;4.99
0.25;5;100;10;20;81;5;42.2
0.25;1;25;10;5;82;5;2.11
0.25;2.5;50;10;10;82;5;12.99
0;1;100;10;20;82;5;9.5
0;2.5;25;10;5;83;5;7.02
1;0.01;50;10;10;83;5;0.09
0.25;2.5;100;10;20;83;5;25.28
0.25;0.01;25;10;5;84;5;-0.06
0;2.5;50;10;10;84;5;13.73
1;1;100;10;20;84;5;2.18
0.25;5;25;10;5;85;5;11.12
0;2.5;50;10;10;85;5;13.72
0.5;10;100;10;20;85;5;56.13
0.75;10;25;10;5;86;5;13.57
0.5;0.01;50;10;10;86;5;-0.03
1;0.01;100;10;20;86;5;-0.05
0.25;5;25;10;5;87;5;10.78
1;0.01;50;10;10;87;5;-0.03
0.5;5;100;10;20;87;5;38.38
0.25;10;25;10;5;88;5;16.1
0.5;1;50;10;10;88;5;4.18
0;2.5;100;10;20;88;5;27.21
0.75;2.5;25;10;5;89;5;4.41
0;5;50;10;10;89;5;22.45
0;2.5;100;10;20;89;5;27.21
0.5;2.5;25;10;5;90;5;5.91
0.25;1;50;10;10;90;5;4.36
0.75;1;100;10;20;90;5;4.58
0.75;5;25;10;5;91;5;8.94
0;5;50;10;10;91;5;22.7
0.5;10;100;10;20;91;5;55.59
0.75;1;25;10;5;92;5;2
0.5;2.5;50;10;10;92;5;10.66
1;0.01;100;10;20;92;5;-1.73472347597681e-18
1;0.01;25;10;5;93;5;-0.03
0.75;5;50;10;10;93;5;16.75
0;5;100;10;20;93;5;45.38
1;10;25;10;5;94;5;4.54
0.75;2.5;50;10;10;94;5;9.35
0.75;10;100;10;20;94;5;50.13
0;1;25;10;5;95;5;2.08
0.75;2.5;50;10;10;95;5;8.43
1;10;100;10;20;95;5;5.48
0.75;2.5;25;10;5;96;5;4.41
0;1;50;10;10;96;5;4.61
1;5;100;10;20;96;5;4.44
0.5;5;25;10;5;97;5;10.72
0;0.01;50;10;10;97;5;0.04
1;2.5;100;10;20;97;5;3.43
0.25;5;25;10;5;98;5;11.09
1;2.5;50;10;10;98;5;3.02
0.75;10;100;10;20;98;5;48.59
0.25;0.01;25;10;5;99;5;0.01
0;1;50;10;10;99;5;5
1;10;100;10;20;99;5;5.51
0.75;0.01;25;10;5;100;5;0.04
0.25;10;50;10;10;100;5;32.02
0.75;2.5;100;10;20;100;5;15.02
